<?xml version="1.0" encoding="UTF-8"?>
<Configuration status="INFO">
    <Appenders>
        <Console name="Console" target="SYSTEM_OUT">
            <PatternLayout pattern="%d{ABSOLUTE} %5p [%-50c{4}] - %m%n"/>
        </Console>
    </Appenders>

    <Loggers>
        <Logger name="org.springframework.core" level="info">
            <AppenderRef ref="Console"/>
        </Logger>

        <Logger name="org.springframework.beans" level="info">
            <AppenderRef ref="Console"/>
        </Logger>

        <Logger name="org.springframework.context" level="info">
            <AppenderRef ref="Console"/>
        </Logger>

        <Logger name="org.springframework.web" level="info">
            <AppenderRef ref="Console"/>
        </Logger>

        <Logger name="org.jooq.impl" level="debug">
            <AppenderRef ref="Console"/>
        </Logger>
        
        <Root level="debug">
            <AppenderRef ref="Console"/>
        </Root>
    </Loggers>
</Configuration>